{ "frames": {
   "guns 0.aseprite": {
    "frame": { "x": 0, "y": 0, "w": 429, "h": 191 },
    "rotated": false,
    "trimmed": false,
    "spriteSourceSize": { "x": 0, "y": 0, "w": 429, "h": 191 },
    "sourceSize": { "w": 429, "h": 191 },
    "duration": 100
   },
   "guns 1.aseprite": {
    "frame": { "x": 429, "y": 0, "w": 429, "h": 191 },
    "rotated": false,
    "trimmed": false,
    "spriteSourceSize": { "x": 0, "y": 0, "w": 429, "h": 191 },
    "sourceSize": { "w": 429, "h": 191 },
    "duration": 100
   },
   "guns 2.aseprite": {
    "frame": { "x": 858, "y": 0, "w": 429, "h": 191 },
    "rotated": false,
    "trimmed": false,
    "spriteSourceSize": { "x": 0, "y": 0, "w": 429, "h": 191 },
    "sourceSize": { "w": 429, "h": 191 },
    "duration": 100
   },
   "guns 3.aseprite": {
    "frame": { "x": 1287, "y": 0, "w": 429, "h": 191 },
    "rotated": false,
    "trimmed": false,
    "spriteSourceSize": { "x": 0, "y": 0, "w": 429, "h": 191 },
    "sourceSize": { "w": 429, "h": 191 },
    "duration": 100
   },
   "guns 4.aseprite": {
    "frame": { "x": 1716, "y": 0, "w": 429, "h": 191 },
    "rotated": false,
    "trimmed": false,
    "spriteSourceSize": { "x": 0, "y": 0, "w": 429, "h": 191 },
    "sourceSize": { "w": 429, "h": 191 },
    "duration": 100
   },
   "guns 5.aseprite": {
    "frame": { "x": 2145, "y": 0, "w": 429, "h": 191 },
    "rotated": false,
    "trimmed": false,
    "spriteSourceSize": { "x": 0, "y": 0, "w": 429, "h": 191 },
    "sourceSize": { "w": 429, "h": 191 },
    "duration": 100
   },
   "guns 6.aseprite": {
    "frame": { "x": 2574, "y": 0, "w": 429, "h": 191 },
    "rotated": false,
    "trimmed": false,
    "spriteSourceSize": { "x": 0, "y": 0, "w": 429, "h": 191 },
    "sourceSize": { "w": 429, "h": 191 },
    "duration": 100
   },
   "guns 7.aseprite": {
    "frame": { "x": 3003, "y": 0, "w": 429, "h": 191 },
    "rotated": false,
    "trimmed": false,
    "spriteSourceSize": { "x": 0, "y": 0, "w": 429, "h": 191 },
    "sourceSize": { "w": 429, "h": 191 },
    "duration": 100
   },
   "guns 8.aseprite": {
    "frame": { "x": 3432, "y": 0, "w": 429, "h": 191 },
    "rotated": false,
    "trimmed": false,
    "spriteSourceSize": { "x": 0, "y": 0, "w": 429, "h": 191 },
    "sourceSize": { "w": 429, "h": 191 },
    "duration": 100
   }
 },
 "meta": {
  "app": "https://www.aseprite.org/",
  "version": "1.2.30-x64",
  "image": "gun_laser.png",
  "format": "RGBA8888",
  "size": { "w": 3861, "h": 191 },
  "scale": "1",
  "frameTags": [
  ],
  "layers": [
   { "name": "laser" },
   { "name": "energy", "group": "laser", "opacity": 255, "blendMode": "normal" },
   { "name": "Layer 2", "group": "laser", "opacity": 255, "blendMode": "normal" },
   { "name": "Layer 4", "group": "laser", "opacity": 255, "blendMode": "normal" }
  ],
  "slices": [
  ]
 }
}
