{ "frames": {
   "virus_2 0.aseprite": {
    "frame": { "x": 0, "y": 0, "w": 24, "h": 24 },
    "rotated": false,
    "trimmed": false,
    "spriteSourceSize": { "x": 0, "y": 0, "w": 24, "h": 24 },
    "sourceSize": { "w": 24, "h": 24 },
    "duration": 100
   },
   "virus_2 1.aseprite": {
    "frame": { "x": 24, "y": 0, "w": 24, "h": 24 },
    "rotated": false,
    "trimmed": false,
    "spriteSourceSize": { "x": 0, "y": 0, "w": 24, "h": 24 },
    "sourceSize": { "w": 24, "h": 24 },
    "duration": 100
   },
   "virus_2 2.aseprite": {
    "frame": { "x": 48, "y": 0, "w": 24, "h": 24 },
    "rotated": false,
    "trimmed": false,
    "spriteSourceSize": { "x": 0, "y": 0, "w": 24, "h": 24 },
    "sourceSize": { "w": 24, "h": 24 },
    "duration": 100
   },
   "virus_2 3.aseprite": {
    "frame": { "x": 72, "y": 0, "w": 24, "h": 24 },
    "rotated": false,
    "trimmed": false,
    "spriteSourceSize": { "x": 0, "y": 0, "w": 24, "h": 24 },
    "sourceSize": { "w": 24, "h": 24 },
    "duration": 100
   },
   "virus_2 4.aseprite": {
    "frame": { "x": 96, "y": 0, "w": 24, "h": 24 },
    "rotated": false,
    "trimmed": false,
    "spriteSourceSize": { "x": 0, "y": 0, "w": 24, "h": 24 },
    "sourceSize": { "w": 24, "h": 24 },
    "duration": 100
   },
   "virus_2 5.aseprite": {
    "frame": { "x": 120, "y": 0, "w": 24, "h": 24 },
    "rotated": false,
    "trimmed": false,
    "spriteSourceSize": { "x": 0, "y": 0, "w": 24, "h": 24 },
    "sourceSize": { "w": 24, "h": 24 },
    "duration": 100
   },
   "virus_2 6.aseprite": {
    "frame": { "x": 144, "y": 0, "w": 24, "h": 24 },
    "rotated": false,
    "trimmed": false,
    "spriteSourceSize": { "x": 0, "y": 0, "w": 24, "h": 24 },
    "sourceSize": { "w": 24, "h": 24 },
    "duration": 100
   },
   "virus_2 7.aseprite": {
    "frame": { "x": 168, "y": 0, "w": 24, "h": 24 },
    "rotated": false,
    "trimmed": false,
    "spriteSourceSize": { "x": 0, "y": 0, "w": 24, "h": 24 },
    "sourceSize": { "w": 24, "h": 24 },
    "duration": 100
   }
 },
 "meta": {
  "app": "https://www.aseprite.org/",
  "version": "1.2.30-x64",
  "image": "virus_2.png",
  "format": "RGBA8888",
  "size": { "w": 192, "h": 24 },
  "scale": "1",
  "frameTags": [
  ],
  "layers": [
   { "name": "Layer 1", "opacity": 255, "blendMode": "normal" },
   { "name": "Layer 2", "opacity": 255, "blendMode": "normal" },
   { "name": "Layer 3", "opacity": 137, "blendMode": "normal" }
  ],
  "slices": [
  ]
 }
}
