{ "frames": {
   "virus_1 0.aseprite": {
    "frame": { "x": 0, "y": 0, "w": 64, "h": 64 },
    "rotated": false,
    "trimmed": false,
    "spriteSourceSize": { "x": 0, "y": 0, "w": 64, "h": 64 },
    "sourceSize": { "w": 64, "h": 64 },
    "duration": 100
   },
   "virus_1 1.aseprite": {
    "frame": { "x": 64, "y": 0, "w": 64, "h": 64 },
    "rotated": false,
    "trimmed": false,
    "spriteSourceSize": { "x": 0, "y": 0, "w": 64, "h": 64 },
    "sourceSize": { "w": 64, "h": 64 },
    "duration": 100
   },
   "virus_1 2.aseprite": {
    "frame": { "x": 128, "y": 0, "w": 64, "h": 64 },
    "rotated": false,
    "trimmed": false,
    "spriteSourceSize": { "x": 0, "y": 0, "w": 64, "h": 64 },
    "sourceSize": { "w": 64, "h": 64 },
    "duration": 100
   },
   "virus_1 3.aseprite": {
    "frame": { "x": 192, "y": 0, "w": 64, "h": 64 },
    "rotated": false,
    "trimmed": false,
    "spriteSourceSize": { "x": 0, "y": 0, "w": 64, "h": 64 },
    "sourceSize": { "w": 64, "h": 64 },
    "duration": 100
   },
   "virus_1 4.aseprite": {
    "frame": { "x": 256, "y": 0, "w": 64, "h": 64 },
    "rotated": false,
    "trimmed": false,
    "spriteSourceSize": { "x": 0, "y": 0, "w": 64, "h": 64 },
    "sourceSize": { "w": 64, "h": 64 },
    "duration": 100
   }
 },
 "meta": {
  "app": "https://www.aseprite.org/",
  "version": "1.2.30-x64",
  "image": "virus_1.png",
  "format": "RGBA8888",
  "size": { "w": 320, "h": 64 },
  "scale": "1",
  "frameTags": [
  ],
  "layers": [
   { "name": "Layer 1", "opacity": 255, "blendMode": "normal" }
  ],
  "slices": [
  ]
 }
}
