{ "frames": {
   "virus_3 0.aseprite": {
    "frame": { "x": 0, "y": 0, "w": 24, "h": 24 },
    "rotated": false,
    "trimmed": false,
    "spriteSourceSize": { "x": 0, "y": 0, "w": 24, "h": 24 },
    "sourceSize": { "w": 24, "h": 24 },
    "duration": 100
   },
   "virus_3 1.aseprite": {
    "frame": { "x": 24, "y": 0, "w": 24, "h": 24 },
    "rotated": false,
    "trimmed": false,
    "spriteSourceSize": { "x": 0, "y": 0, "w": 24, "h": 24 },
    "sourceSize": { "w": 24, "h": 24 },
    "duration": 100
   },
   "virus_3 2.aseprite": {
    "frame": { "x": 48, "y": 0, "w": 24, "h": 24 },
    "rotated": false,
    "trimmed": false,
    "spriteSourceSize": { "x": 0, "y": 0, "w": 24, "h": 24 },
    "sourceSize": { "w": 24, "h": 24 },
    "duration": 100
   },
   "virus_3 3.aseprite": {
    "frame": { "x": 72, "y": 0, "w": 24, "h": 24 },
    "rotated": false,
    "trimmed": false,
    "spriteSourceSize": { "x": 0, "y": 0, "w": 24, "h": 24 },
    "sourceSize": { "w": 24, "h": 24 },
    "duration": 100
   },
   "virus_3 4.aseprite": {
    "frame": { "x": 96, "y": 0, "w": 24, "h": 24 },
    "rotated": false,
    "trimmed": false,
    "spriteSourceSize": { "x": 0, "y": 0, "w": 24, "h": 24 },
    "sourceSize": { "w": 24, "h": 24 },
    "duration": 100
   },
   "virus_3 5.aseprite": {
    "frame": { "x": 120, "y": 0, "w": 24, "h": 24 },
    "rotated": false,
    "trimmed": false,
    "spriteSourceSize": { "x": 0, "y": 0, "w": 24, "h": 24 },
    "sourceSize": { "w": 24, "h": 24 },
    "duration": 100
   },
   "virus_3 6.aseprite": {
    "frame": { "x": 144, "y": 0, "w": 24, "h": 24 },
    "rotated": false,
    "trimmed": false,
    "spriteSourceSize": { "x": 0, "y": 0, "w": 24, "h": 24 },
    "sourceSize": { "w": 24, "h": 24 },
    "duration": 100
   },
   "virus_3 7.aseprite": {
    "frame": { "x": 168, "y": 0, "w": 24, "h": 24 },
    "rotated": false,
    "trimmed": false,
    "spriteSourceSize": { "x": 0, "y": 0, "w": 24, "h": 24 },
    "sourceSize": { "w": 24, "h": 24 },
    "duration": 100
   },
   "virus_3 8.aseprite": {
    "frame": { "x": 192, "y": 0, "w": 24, "h": 24 },
    "rotated": false,
    "trimmed": false,
    "spriteSourceSize": { "x": 0, "y": 0, "w": 24, "h": 24 },
    "sourceSize": { "w": 24, "h": 24 },
    "duration": 100
   }
 },
 "meta": {
  "app": "https://www.aseprite.org/",
  "version": "1.2.30-x64",
  "image": "virus_4.png",
  "format": "RGBA8888",
  "size": { "w": 216, "h": 24 },
  "scale": "1",
  "frameTags": [
  ],
  "layers": [
   { "name": "Layer 1", "opacity": 255, "blendMode": "normal" },
   { "name": "Layer 7", "opacity": 255, "blendMode": "normal" }
  ],
  "slices": [
  ]
 }
}
